Date,Low,Open,Volume,High,Close,Adjusted Close
26-09-2018,12.720000267028809,13.0,987500,13.1899995803833,12.800000190734863,12.748564720153809
27-09-2018,12.649999618530273,12.899999618530273,136700,12.899999618530273,12.829999923706055,12.778444290161133
28-09-2018,12.600000381469727,12.770000457763672,35900,12.949999809265137,12.720000267028809,12.668886184692383
01-10-2018,12.710000038146973,12.739999771118164,28900,13.050000190734863,12.789999961853027,12.738604545593262
02-10-2018,12.75,12.789999961853027,2600,12.890000343322754,12.75,12.698765754699707
03-10-2018,12.75,12.829999923706055,12100,12.989999771118164,12.850000381469727,12.79836368560791
04-10-2018,12.5,12.850000381469727,15200,12.859999656677246,12.770000457763672,12.718685150146484
05-10-2018,12.510000228881836,12.800000190734863,5400,12.850000381469727,12.729999542236328,12.678845405578613
08-10-2018,12.649999618530273,12.649999618530273,5400,12.899999618530273,12.899999618530273,12.848161697387695
09-10-2018,12.600000381469727,12.899999618530273,2800,12.899999618530273,12.899999618530273,12.848161697387695
10-10-2018,12.600000381469727,12.890000343322754,7700,12.890000343322754,12.850000381469727,12.79836368560791
11-10-2018,12.5,12.5,7000,12.800000190734863,12.800000190734863,12.748564720153809
12-10-2018,12.670000076293945,12.899999618530273,6300,12.899999618530273,12.800000190734863,12.748564720153809
15-10-2018,12.600000381469727,12.600000381469727,3200,12.850000381469727,12.800000190734863,12.748564720153809
16-10-2018,12.75,12.789999961853027,5400,12.829999923706055,12.829999923706055,12.778444290161133
17-10-2018,12.699999809265137,12.699999809265137,4200,12.84000015258789,12.829999923706055,12.778444290161133
18-10-2018,12.699999809265137,12.760000228881836,59000,12.800000190734863,12.75,12.698765754699707
19-10-2018,12.600000381469727,12.649999618530273,66300,12.800000190734863,12.609999656677246,12.559327125549316
22-10-2018,12.600000381469727,12.84000015258789,8400,12.84000015258789,12.609999656677246,12.559327125549316
23-10-2018,12.5,12.640000343322754,7500,12.699999809265137,12.59000015258789,12.539407730102539
24-10-2018,11.40999984741211,12.390000343322754,8800,12.5,11.970000267028809,11.921899795532227
25-10-2018,11.850000381469727,11.979999542236328,13100,12.149999618530273,11.949999809265137,11.901979446411133
26-10-2018,11.649999618530273,11.899999618530273,28300,12.199999809265137,11.899999618530273,11.852180480957031
29-10-2018,11.470000267028809,11.890000343322754,13300,12.25,11.800000190734863,11.752583503723145
30-10-2018,11.40999984741211,11.720000267028809,18800,11.779999732971191,11.40999984741211,11.364150047302246
31-10-2018,11.0,11.5600004196167,10900,11.5600004196167,11.199999809265137,11.154994010925293
01-11-2018,11.170000076293945,12.199999809265137,2200,12.199999809265137,11.890000343322754,11.842222213745117
02-11-2018,11.3100004196167,12.0,10400,12.0,11.789999961853027,11.742623329162598
05-11-2018,11.569999694824219,11.9399995803833,10900,11.9399995803833,11.6899995803833,11.643024444580078
06-11-2018,11.529999732971191,11.529999732971191,7500,12.600000381469727,12.489999771118164,12.439809799194336
07-11-2018,11.960000038146973,12.449999809265137,2100,12.449999809265137,11.960000038146973,11.91193962097168
08-11-2018,11.930000305175781,12.079999923706055,3900,12.399999618530273,12.25,12.200774192810059
09-11-2018,12.0600004196167,12.350000381469727,6100,12.600000381469727,12.600000381469727,12.549367904663086
12-11-2018,12.270000457763672,12.529999732971191,3500,12.600000381469727,12.510000228881836,12.45973014831543
13-11-2018,12.40999984741211,12.470000267028809,11100,12.779999732971191,12.760000228881836,12.708724975585938
14-11-2018,12.520000457763672,12.770000457763672,5700,12.770000457763672,12.520000457763672,12.469690322875977
15-11-2018,12.229999542236328,12.699999809265137,18700,12.720000267028809,12.229999542236328,12.180854797363281
16-11-2018,12.319999694824219,12.319999694824219,8500,12.720000267028809,12.699999809265137,12.648965835571289
19-11-2018,12.5,12.569999694824219,10400,12.699999809265137,12.569999694824219,12.519488334655762
20-11-2018,12.520000457763672,12.520000457763672,9100,12.699999809265137,12.520000457763672,12.469690322875977
21-11-2018,12.520000457763672,12.529999732971191,15400,12.630000114440918,12.520000457763672,12.469690322875977
23-11-2018,12.520000457763672,12.520000457763672,14500,12.619999885559082,12.550000190734863,12.4995698928833
26-11-2018,12.520000457763672,12.569999694824219,4400,12.619999885559082,12.520000457763672,12.469690322875977
27-11-2018,12.300000190734863,12.520000457763672,13300,12.630000114440918,12.3100004196167,12.260533332824707
28-11-2018,12.319999694824219,12.369999885559082,7500,12.5,12.319999694824219,12.270492553710938
29-11-2018,12.149999618530273,12.319999694824219,113100,12.5,12.289999961853027,12.240612983703613
30-11-2018,12.100000381469727,12.270000457763672,276100,12.960000038146973,12.420000076293945,12.370091438293457
03-12-2018,12.470000267028809,12.600000381469727,69900,14.279999732971191,13.5,13.445752143859863
04-12-2018,12.579999923706055,13.199999809265137,50300,13.800000190734863,13.800000190734863,13.744545936584473
06-12-2018,12.369999885559082,13.630000114440918,44700,13.630000114440918,12.40999984741211,12.36013126373291
07-12-2018,12.270000457763672,12.470000267028809,46900,13.699999809265137,13.5,13.445752143859863
10-12-2018,12.319999694824219,13.5,54600,14.0,13.09000015258789,13.037399291992188
11-12-2018,12.0,13.319999694824219,33600,13.949999809265137,13.050000190734863,12.997559547424316
12-12-2018,11.789999961853027,13.420000076293945,21700,13.4399995803833,13.430000305175781,13.376032829284668
13-12-2018,11.850000381469727,13.329999923706055,25600,13.329999923706055,13.199999809265137,13.146957397460938
14-12-2018,12.010000228881836,12.699999809265137,45900,13.180000305175781,12.220000267028809,12.17089557647705
17-12-2018,11.920000076293945,12.289999961853027,26900,13.050000190734863,12.569999694824219,12.519488334655762
18-12-2018,12.050000190734863,12.579999923706055,69200,12.880000114440918,12.399999618530273,12.350171089172363
19-12-2018,12.100000381469727,12.539999961853027,42300,12.949999809265137,12.550000190734863,12.4995698928833
20-12-2018,12.029999732971191,12.630000114440918,46500,12.710000038146973,12.15999984741211,12.111136436462402
21-12-2018,10.329999923706055,12.369999885559082,584100,12.369999885559082,11.850000381469727,11.802382469177246
24-12-2018,11.199999809265137,11.779999732971191,15800,11.779999732971191,11.210000038146973,11.16495418548584
26-12-2018,11.050000190734863,11.050000190734863,8500,11.710000038146973,11.470000267028809,11.423909187316895
27-12-2018,10.329999923706055,11.239999771118164,34000,12.0,12.0,11.951778411865234
28-12-2018,10.850000381469727,11.960000038146973,44700,12.0,11.380000114440918,11.334270477294922
31-12-2018,11.270000457763672,11.390000343322754,39500,11.819999694824219,11.40999984741211,11.364150047302246
02-01-2019,10.210000038146973,10.210000038146973,54200,11.229999542236328,10.9399995803833,10.896038055419922
03-01-2019,10.880000114440918,10.9399995803833,46900,11.050000190734863,10.970000267028809,10.925917625427246
04-01-2019,10.979999542236328,11.050000190734863,74500,11.199999809265137,11.100000381469727,11.05539608001709
07-01-2019,11.0,11.100000381469727,172700,11.300000190734863,11.289999961853027,11.24463176727295
08-01-2019,11.390000343322754,11.390000343322754,5300,11.5,11.399999618530273,11.3541898727417
09-01-2019,11.300000190734863,12.079999923706055,13600,12.15999984741211,11.829999923706055,11.782462120056152
10-01-2019,11.319999694824219,11.770000457763672,5900,12.1899995803833,11.329999923706055,11.284470558166504
11-01-2019,11.270000457763672,11.270000457763672,9200,11.510000228881836,11.510000228881836,11.463748931884766
14-01-2019,10.84000015258789,11.40999984741211,19700,11.40999984741211,11.0600004196167,11.015556335449219
15-01-2019,11.0600004196167,11.069999694824219,4500,11.319999694824219,11.319999694824219,11.274511337280273
16-01-2019,11.15999984741211,11.350000381469727,4300,11.699999809265137,11.489999771118164,11.443828582763672
17-01-2019,11.359999656677246,11.510000228881836,4800,11.800000190734863,11.729999542236328,11.682863235473633
18-01-2019,11.609999656677246,11.770000457763672,16800,12.25,11.729999542236328,11.682863235473633
22-01-2019,11.270000457763672,11.6899995803833,8900,11.6899995803833,11.279999732971191,11.234671592712402
23-01-2019,11.279999732971191,11.300000190734863,4100,11.479999542236328,11.479999542236328,11.433868408203125
24-01-2019,11.300000190734863,11.449999809265137,1900,11.449999809265137,11.390000343322754,11.344230651855469
25-01-2019,11.649999618530273,11.699999809265137,2100,11.949999809265137,11.949999809265137,11.901979446411133
28-01-2019,11.319999694824219,11.760000228881836,9300,11.850000381469727,11.630000114440918,11.58326530456543
29-01-2019,11.460000038146973,11.630000114440918,9500,11.800000190734863,11.539999961853027,11.493627548217773
30-01-2019,11.40999984741211,11.670000076293945,5400,11.699999809265137,11.489999771118164,11.443828582763672
31-01-2019,11.600000381469727,11.649999618530273,8200,11.75,11.75,11.702783584594727
01-02-2019,11.699999809265137,11.760000228881836,1500,11.800000190734863,11.710000038146973,11.662943840026855
04-02-2019,11.550000190734863,11.90999984741211,12600,11.90999984741211,11.699999809265137,11.652984619140625
05-02-2019,11.75,11.90999984741211,2600,11.90999984741211,11.899999618530273,11.852180480957031
06-02-2019,11.710000038146973,11.869999885559082,3700,11.989999771118164,11.899999618530273,11.852180480957031
07-02-2019,11.829999923706055,11.899999618530273,9000,12.25,12.119999885559082,12.071296691894531
08-02-2019,11.75,12.069999694824219,10600,12.069999694824219,11.899999618530273,11.852180480957031
11-02-2019,11.800000190734863,12.109999656677246,1800,12.229999542236328,11.8100004196167,11.762542724609375
12-02-2019,11.8100004196167,11.8100004196167,1700,12.0,12.0,11.951778411865234
13-02-2019,11.75,11.899999618530273,4700,11.899999618530273,11.899999618530273,11.852180480957031
14-02-2019,11.75,11.75,5800,11.760000228881836,11.75,11.702783584594727
15-02-2019,11.850000381469727,11.850000381469727,3700,11.9399995803833,11.850000381469727,11.802382469177246
19-02-2019,11.75,11.960000038146973,14200,12.1899995803833,12.1899995803833,12.14101505279541
20-02-2019,11.800000190734863,12.0,24200,12.199999809265137,11.90999984741211,11.862140655517578
21-02-2019,11.75,11.920000076293945,4800,11.920000076293945,11.859999656677246,11.812341690063477
22-02-2019,11.800000190734863,11.949999809265137,15800,12.0,11.890000343322754,11.842222213745117
25-02-2019,11.800000190734863,11.989999771118164,17500,11.989999771118164,11.800000190734863,11.752583503723145
26-02-2019,11.75,11.899999618530273,6200,11.949999809265137,11.800000190734863,11.752583503723145
27-02-2019,11.720000267028809,11.880000114440918,12900,11.970000267028809,11.899999618530273,11.852180480957031
28-02-2019,11.800000190734863,11.8100004196167,8300,11.90999984741211,11.8100004196167,11.762542724609375
01-03-2019,11.800000190734863,11.859999656677246,3300,11.859999656677246,11.800000190734863,11.752583503723145
04-03-2019,11.800000190734863,11.819999694824219,2200,11.949999809265137,11.800000190734863,11.752583503723145
05-03-2019,11.800000190734863,11.800000190734863,1400,11.949999809265137,11.90999984741211,11.862140655517578
06-03-2019,11.460000038146973,11.949999809265137,31900,11.949999809265137,11.460000038146973,11.413949012756348
07-03-2019,11.130000114440918,11.460000038146973,14700,11.710000038146973,11.130000114440918,11.085275650024414
08-03-2019,11.020000457763672,11.680000305175781,20800,11.729999542236328,11.020000457763672,10.975717544555664
11-03-2019,11.020000457763672,11.300000190734863,3200,11.300000190734863,11.130000114440918,11.085275650024414
12-03-2019,11.069999694824219,11.5,1600,11.5,11.239999771118164,11.194832801818848
13-03-2019,11.069999694824219,11.640000343322754,2700,11.720000267028809,11.109999656677246,11.06535530090332
14-03-2019,11.100000381469727,11.100000381469727,6000,11.229999542236328,11.100000381469727,11.05539608001709
15-03-2019,11.119999885559082,11.15999984741211,31900,11.569999694824219,11.220000267028809,11.174914360046387
18-03-2019,11.100000381469727,11.25,6800,11.300000190734863,11.300000190734863,11.254591941833496
19-03-2019,11.100000381469727,11.199999809265137,5900,11.199999809265137,11.109999656677246,11.06535530090332
20-03-2019,11.100000381469727,11.59000015258789,1000,11.59000015258789,11.100000381469727,11.05539608001709
21-03-2019,11.149999618530273,11.539999961853027,2800,11.539999961853027,11.15999984741211,11.115154266357422
22-03-2019,11.149999618530273,11.149999618530273,6900,11.5,11.149999618530273,11.105194091796875
25-03-2019,11.34000015258789,11.380000114440918,4200,12.0,11.380000114440918,11.334270477294922
26-03-2019,11.350000381469727,11.350000381469727,1400,11.800000190734863,11.800000190734863,11.752583503723145
27-03-2019,11.649999618530273,11.75,7200,11.960000038146973,11.649999618530273,11.603184700012207
28-03-2019,11.670000076293945,11.960000038146973,12400,11.960000038146973,11.90999984741211,11.862140655517578
29-03-2019,11.619999885559082,11.890000343322754,6600,11.989999771118164,11.619999885559082,11.573305130004883
01-04-2019,11.609999656677246,11.699999809265137,4200,11.899999618530273,11.899999618530273,11.852180480957031
02-04-2019,11.899999618530273,11.899999618530273,3800,12.0,12.0,11.951778411865234
03-04-2019,12.0,12.0,14300,12.350000381469727,12.170000076293945,12.12109661102295
04-04-2019,11.640000343322754,12.15999984741211,1400,12.15999984741211,11.640000343322754,11.593225479125977
05-04-2019,11.539999961853027,11.539999961853027,8400,12.329999923706055,12.300000190734863,12.25057315826416
08-04-2019,11.369999885559082,11.600000381469727,7500,11.600000381469727,11.369999885559082,11.324310302734375
09-04-2019,11.170000076293945,11.390000343322754,26800,11.539999961853027,11.170000076293945,11.125114440917969
10-04-2019,11.270000457763672,11.270000457763672,1800,11.520000457763672,11.520000457763672,11.473708152770996
11-04-2019,11.40999984741211,11.5,2200,11.5,11.430000305175781,11.384069442749023
12-04-2019,11.430000305175781,11.430000305175781,3700,11.65999984741211,11.65999984741211,11.613144874572754
15-04-2019,11.420000076293945,11.600000381469727,2400,11.970000267028809,11.420000076293945,11.374110221862793
16-04-2019,11.390000343322754,11.470000267028809,1600,11.899999618530273,11.390000343322754,11.344230651855469
17-04-2019,11.319999694824219,11.6899995803833,2300,11.6899995803833,11.319999694824219,11.274511337280273
18-04-2019,11.3100004196167,11.3100004196167,2400,11.609999656677246,11.609999656677246,11.563345909118652
22-04-2019,11.5,11.850000381469727,9500,12.069999694824219,11.65999984741211,11.613144874572754
23-04-2019,11.6899995803833,12.100000381469727,1600,12.100000381469727,11.6899995803833,11.643024444580078
24-04-2019,11.430000305175781,11.430000305175781,900,11.430000305175781,11.430000305175781,11.384069442749023
25-04-2019,11.329999923706055,11.979999542236328,1500,11.979999542236328,11.329999923706055,11.284470558166504
26-04-2019,11.319999694824219,11.920000076293945,2900,11.920000076293945,11.65999984741211,11.613144874572754
29-04-2019,11.449999809265137,11.569999694824219,4600,11.989999771118164,11.449999809265137,11.4039888381958
30-04-2019,11.369999885559082,11.520000457763672,6800,11.550000190734863,11.369999885559082,11.324310302734375
01-05-2019,11.369999885559082,11.850000381469727,6700,11.850000381469727,11.369999885559082,11.324310302734375
02-05-2019,11.579999923706055,11.600000381469727,2300,11.600000381469727,11.579999923706055,11.533467292785645
03-05-2019,11.600000381469727,11.680000305175781,17000,12.0,12.0,11.951778411865234
06-05-2019,11.510000228881836,12.0,9800,12.010000228881836,11.529999732971191,11.483667373657227
07-05-2019,11.550000190734863,11.550000190734863,3400,11.640000343322754,11.640000343322754,11.593225479125977
08-05-2019,11.739999771118164,11.770000457763672,2000,11.770000457763672,11.739999771118164,11.69282341003418
09-05-2019,11.5600004196167,11.829999923706055,7100,11.829999923706055,11.5600004196167,11.513547897338867
10-05-2019,11.819999694824219,11.829999923706055,1800,11.829999923706055,11.829999923706055,11.782462120056152
13-05-2019,11.579999923706055,11.65999984741211,6200,11.789999961853027,11.670000076293945,11.6231050491333
14-05-2019,11.729999542236328,11.729999542236328,3400,11.890000343322754,11.890000343322754,11.842222213745117
15-05-2019,11.699999809265137,11.880000114440918,3800,11.880000114440918,11.739999771118164,11.69282341003418
16-05-2019,11.619999885559082,11.899999618530273,12400,11.899999618530273,11.739999771118164,11.69282341003418
17-05-2019,11.600000381469727,11.640000343322754,6000,11.699999809265137,11.6899995803833,11.643024444580078
20-05-2019,11.649999618530273,11.850000381469727,7400,11.899999618530273,11.8100004196167,11.762542724609375
21-05-2019,11.789999961853027,11.890000343322754,45800,12.130000114440918,12.029999732971191,11.981657981872559
22-05-2019,11.890000343322754,11.9399995803833,4800,12.149999618530273,11.890000343322754,11.842222213745117
23-05-2019,11.899999618530273,11.90999984741211,4700,12.050000190734863,12.050000190734863,12.001578330993652
24-05-2019,12.0,12.0,16500,12.050000190734863,12.050000190734863,12.001578330993652
28-05-2019,11.859999656677246,12.0,28300,12.100000381469727,11.989999771118164,11.941819190979004
29-05-2019,11.729999542236328,12.0,4200,12.0,11.729999542236328,11.682863235473633
30-05-2019,11.829999923706055,12.0,5100,12.0,11.989999771118164,11.941819190979004
31-05-2019,11.789999961853027,11.989999771118164,14400,12.0,12.0,11.951778411865234
03-06-2019,11.850000381469727,11.869999885559082,11300,12.0,11.970000267028809,11.921899795532227
04-06-2019,11.789999961853027,12.0,6700,12.0,12.0,11.951778411865234
05-06-2019,11.90999984741211,12.0,4100,12.0,11.9399995803833,11.892019271850586
06-06-2019,11.869999885559082,12.0,3000,12.0,12.0,11.951778411865234
07-06-2019,11.760000228881836,11.9399995803833,13200,11.989999771118164,11.760000228881836,11.712743759155273
10-06-2019,11.8100004196167,11.8100004196167,31000,12.109999656677246,12.0,11.951778411865234
11-06-2019,11.84000015258789,11.979999542236328,11300,12.0,12.0,11.951778411865234
12-06-2019,11.619999885559082,11.880000114440918,18300,12.020000457763672,12.020000457763672,11.971698760986328
13-06-2019,11.899999618530273,12.029999732971191,10300,12.029999732971191,12.0,11.951778411865234
14-06-2019,11.949999809265137,12.0,11300,12.029999732971191,11.970000267028809,11.921899795532227
17-06-2019,11.800000190734863,12.020000457763672,15500,12.130000114440918,12.079999923706055,12.031457901000977
18-06-2019,11.970000267028809,12.029999732971191,10000,12.079999923706055,12.079999923706055,12.031457901000977
19-06-2019,11.920000076293945,12.09000015258789,12100,12.100000381469727,11.949999809265137,11.901979446411133
20-06-2019,11.649999618530273,12.010000228881836,11400,12.029999732971191,12.010000228881836,11.961738586425781
21-06-2019,11.819999694824219,11.90999984741211,15900,12.029999732971191,11.84000015258789,11.7924222946167
24-06-2019,11.800000190734863,11.850000381469727,13900,12.029999732971191,11.800000190734863,11.752583503723145
25-06-2019,11.539999961853027,11.75,22100,11.859999656677246,11.550000190734863,11.50358772277832
26-06-2019,11.539999961853027,11.550000190734863,22200,11.729999542236328,11.579999923706055,11.533467292785645
27-06-2019,11.720000267028809,11.859999656677246,10100,11.979999542236328,11.979999542236328,11.931859016418457
28-06-2019,11.84000015258789,11.899999618530273,297000,12.369999885559082,12.300000190734863,12.25057315826416
01-07-2019,12.199999809265137,12.270000457763672,32700,12.380000114440918,12.300000190734863,12.25057315826416
02-07-2019,12.220000267028809,12.350000381469727,1100,12.350000381469727,12.220000267028809,12.17089557647705
03-07-2019,12.300000190734863,12.350000381469727,1400,12.350000381469727,12.300000190734863,12.25057315826416
05-07-2019,12.119999885559082,12.119999885559082,7100,12.380000114440918,12.380000114440918,12.330251693725586
08-07-2019,12.149999618530273,12.199999809265137,6000,12.479999542236328,12.479999542236328,12.429849624633789
09-07-2019,12.359999656677246,12.390000343322754,11300,12.5,12.430000305175781,12.380051612854004
10-07-2019,11.880000114440918,11.880000114440918,4000,12.460000038146973,12.3100004196167,12.260533332824707
11-07-2019,12.1899995803833,12.1899995803833,5900,12.4399995803833,12.430000305175781,12.380051612854004
12-07-2019,12.359999656677246,12.5,5100,12.5,12.359999656677246,12.310332298278809
15-07-2019,12.260000228881836,12.260000228881836,2200,12.449999809265137,12.430000305175781,12.380051612854004
16-07-2019,12.300000190734863,12.399999618530273,2000,12.399999618530273,12.399999618530273,12.350171089172363
17-07-2019,12.109999656677246,12.149999618530273,4100,12.390000343322754,12.390000343322754,12.340211868286133
18-07-2019,12.079999923706055,12.079999923706055,2600,12.380000114440918,12.34000015258789,12.290412902832031
19-07-2019,12.069999694824219,12.239999771118164,4000,12.239999771118164,12.1899995803833,12.14101505279541
22-07-2019,12.180000305175781,12.180000305175781,1300,12.180000305175781,12.180000305175781,12.131056785583496
23-07-2019,11.180000305175781,12.109999656677246,2100,12.109999656677246,11.800000190734863,11.752583503723145
24-07-2019,11.800000190734863,12.0,5100,12.270000457763672,12.130000114440918,12.081256866455078
25-07-2019,12.050000190734863,12.199999809265137,2900,12.199999809265137,12.0600004196167,12.0115385055542
26-07-2019,12.050000190734863,12.050000190734863,36200,12.199999809265137,12.130000114440918,12.081256866455078
29-07-2019,11.979999542236328,12.010000228881836,10800,12.380000114440918,12.380000114440918,12.330251693725586
30-07-2019,12.220000267028809,12.220000267028809,19000,12.970000267028809,12.520000457763672,12.469690322875977
31-07-2019,12.260000228881836,12.5,10800,12.9399995803833,12.739999771118164,12.68880558013916
01-08-2019,12.710000038146973,12.970000267028809,23600,13.0600004196167,12.710000038146973,12.658926010131836
02-08-2019,12.329999923706055,12.430000305175781,6000,12.970000267028809,12.880000114440918,12.828243255615234
05-08-2019,12.210000038146973,12.779999732971191,23900,13.010000228881836,12.630000114440918,12.57924747467041
06-08-2019,12.369999885559082,12.5,9300,12.75,12.5,12.449769973754883
07-08-2019,11.710000038146973,12.649999618530273,1100,12.649999618530273,11.710000038146973,11.662943840026855
08-08-2019,11.75,11.75,5700,12.25,12.180000305175781,12.131056785583496
09-08-2019,11.899999618530273,11.979999542236328,3500,12.25,11.960000038146973,11.91193962097168
12-08-2019,11.989999771118164,11.989999771118164,13100,12.319999694824219,12.069999694824219,12.02149772644043
13-08-2019,12.020000457763672,12.199999809265137,7900,12.390000343322754,12.390000343322754,12.340211868286133
14-08-2019,11.8100004196167,12.3100004196167,6400,12.3100004196167,11.880000114440918,11.83226203918457
15-08-2019,11.970000267028809,12.020000457763672,6200,12.029999732971191,12.010000228881836,11.961738586425781
16-08-2019,11.819999694824219,12.09000015258789,15600,12.430000305175781,12.199999809265137,12.150975227355957
19-08-2019,12.1899995803833,12.199999809265137,1700,12.319999694824219,12.1899995803833,12.14101505279541
20-08-2019,11.899999618530273,12.170000076293945,8100,12.199999809265137,12.130000114440918,12.081256866455078
21-08-2019,11.520000457763672,11.949999809265137,14500,11.949999809265137,11.720000267028809,11.672904014587402
22-08-2019,11.760000228881836,11.949999809265137,3500,11.949999809265137,11.760000228881836,11.712743759155273
23-08-2019,11.630000114440918,11.90999984741211,4900,11.90999984741211,11.630000114440918,11.58326530456543
26-08-2019,11.770000457763672,11.770000457763672,4000,11.9399995803833,11.9399995803833,11.892019271850586
27-08-2019,11.670000076293945,11.960000038146973,6300,11.979999542236328,11.75,11.702783584594727
28-08-2019,11.979999542236328,11.979999542236328,2600,12.039999961853027,12.039999961853027,11.991618156433105
29-08-2019,11.859999656677246,12.100000381469727,10500,12.100000381469727,12.050000190734863,12.001578330993652
30-08-2019,12.0,12.0,5400,12.100000381469727,12.100000381469727,12.051377296447754
03-09-2019,12.0,12.0,5500,12.069999694824219,12.0,11.951778411865234
04-09-2019,12.0,12.050000190734863,2800,12.050000190734863,12.039999961853027,11.991618156433105
05-09-2019,12.0,12.050000190734863,8900,12.140000343322754,12.0,11.951778411865234
06-09-2019,12.0,12.0,9400,12.1899995803833,12.050000190734863,12.001578330993652
09-09-2019,12.0,12.050000190734863,26400,12.199999809265137,12.1899995803833,12.14101505279541
10-09-2019,12.100000381469727,12.100000381469727,84600,13.34000015258789,13.130000114440918,13.077238082885742
11-09-2019,12.579999923706055,12.579999923706055,43200,13.350000381469727,13.220000267028809,13.166877746582031
12-09-2019,13.260000228881836,13.260000228881836,55200,14.0,13.880000114440918,13.824224472045898
13-09-2019,13.34000015258789,13.829999923706055,17900,13.9399995803833,13.770000457763672,13.714667320251465
16-09-2019,13.859999656677246,13.869999885559082,39600,14.399999618530273,14.130000114440918,14.073220252990723
17-09-2019,14.119999885559082,14.25,35900,14.380000114440918,14.130000114440918,14.073220252990723
18-09-2019,13.649999618530273,14.239999771118164,25700,14.25,13.930000305175781,13.8740234375
19-09-2019,12.430000305175781,13.779999732971191,42600,14.1899995803833,14.149999618530273,14.0931396484375
20-09-2019,13.399999618530273,14.050000190734863,111200,14.229999542236328,14.140000343322754,14.08318042755127
23-09-2019,13.819999694824219,14.020000457763672,12600,14.229999542236328,14.1899995803833,14.132978439331055
24-09-2019,13.960000038146973,14.0,5200,14.149999618530273,14.050000190734863,13.993541717529297
25-09-2019,14.0,14.039999961853027,20600,14.380000114440918,14.239999771118164,14.182777404785156
26-09-2019,14.0,14.229999542236328,15900,14.5,14.020000457763672,13.963662147521973
27-09-2019,13.520000457763672,14.180000305175781,16800,14.180000305175781,13.739999771118164,13.684786796569824
30-09-2019,13.550000190734863,13.729999542236328,9000,13.970000267028809,13.619999885559082,13.565268516540527
01-10-2019,13.510000228881836,13.609999656677246,4300,13.859999656677246,13.510000228881836,13.455711364746094
02-10-2019,13.210000038146973,13.5,8200,13.5,13.25,13.196755409240723
03-10-2019,13.09000015258789,13.239999771118164,4600,13.470000267028809,13.430000305175781,13.376032829284668
04-10-2019,13.09000015258789,13.34000015258789,5100,13.479999542236328,13.229999542236328,13.176835060119629
07-10-2019,13.100000381469727,13.210000038146973,1700,13.210000038146973,13.100000381469727,13.047359466552734
08-10-2019,13.15999984741211,13.15999984741211,2900,13.369999885559082,13.260000228881836,13.20671558380127
09-10-2019,13.359999656677246,13.359999656677246,6600,13.699999809265137,13.380000114440918,13.326233863830566
10-10-2019,13.140000343322754,13.34000015258789,5800,13.369999885559082,13.140000343322754,13.087198257446289
11-10-2019,13.199999809265137,13.289999961853027,7600,13.479999542236328,13.350000381469727,13.296354293823242
14-10-2019,13.09000015258789,13.279999732971191,1700,13.279999732971191,13.199999809265137,13.146957397460938
15-10-2019,13.09000015258789,13.140000343322754,6400,13.380000114440918,13.149999618530273,13.09715747833252
16-10-2019,13.180000305175781,13.229999542236328,3000,13.229999542236328,13.199999809265137,13.146957397460938
17-10-2019,13.130000114440918,13.130000114440918,5100,13.289999961853027,13.289999961853027,13.236595153808594
18-10-2019,13.199999809265137,13.199999809265137,5200,13.420000076293945,13.239999771118164,13.186795234680176
21-10-2019,13.369999885559082,13.369999885559082,9100,13.529999732971191,13.529999732971191,13.475630760192871
22-10-2019,13.609999656677246,14.109999656677246,1600,14.109999656677246,13.84000015258789,13.784385681152344
23-10-2019,13.319999694824219,13.600000381469727,1200,13.920000076293945,13.75,13.694746971130371
24-10-2019,13.859999656677246,13.920000076293945,3000,13.920000076293945,13.869999885559082,13.814265251159668
25-10-2019,13.760000228881836,13.760000228881836,4200,13.979999542236328,13.970000267028809,13.913863182067871
28-10-2019,13.609999656677246,13.84000015258789,19200,14.239999771118164,14.170000076293945,14.113059997558594
29-10-2019,13.979999542236328,14.25,10200,14.380000114440918,14.369999885559082,14.312254905700684
30-10-2019,14.020000457763672,14.069999694824219,13800,14.380000114440918,14.380000114440918,14.32221508026123
31-10-2019,14.350000381469727,14.350000381469727,11400,14.489999771118164,14.489999771118164,14.43177318572998
01-11-2019,14.1899995803833,14.489999771118164,11700,14.489999771118164,14.1899995803833,14.132978439331055
04-11-2019,13.989999771118164,14.34000015258789,93300,14.34000015258789,14.100000381469727,14.043340682983398
05-11-2019,14.079999923706055,14.199999809265137,5400,14.390000343322754,14.390000343322754,14.332175254821777
06-11-2019,14.359999656677246,14.380000114440918,4700,14.390000343322754,14.359999656677246,14.302295684814453
07-11-2019,14.350000381469727,14.380000114440918,9700,14.479999542236328,14.350000381469727,14.292336463928223
08-11-2019,14.140000343322754,14.180000305175781,6800,14.489999771118164,14.300000190734863,14.242536544799805
11-11-2019,14.359999656677246,14.369999885559082,4000,14.420000076293945,14.420000076293945,14.362054824829102
12-11-2019,14.25,14.300000190734863,1900,14.380000114440918,14.380000114440918,14.32221508026123
13-11-2019,14.050000190734863,14.279999732971191,4400,14.279999732971191,14.239999771118164,14.182777404785156
14-11-2019,14.069999694824219,14.569999694824219,18400,14.579999923706055,14.470000267028809,14.411853790283203
15-11-2019,14.229999542236328,14.350000381469727,8100,14.460000038146973,14.229999542236328,14.17281723022461
18-11-2019,14.279999732971191,14.359999656677246,1800,14.359999656677246,14.279999732971191,14.222616195678711
19-11-2019,14.25,14.300000190734863,14200,14.579999923706055,14.579999923706055,14.521410942077637
20-11-2019,14.399999618530273,14.449999809265137,15000,14.680000305175781,14.399999618530273,14.342134475708008
21-11-2019,14.199999809265137,14.59000015258789,7400,14.619999885559082,14.279999732971191,14.222616195678711
22-11-2019,14.550000190734863,14.569999694824219,14900,14.75,14.699999809265137,14.640929222106934
25-11-2019,14.890000343322754,14.890000343322754,11800,15.069999694824219,15.069999694824219,15.009442329406738
26-11-2019,15.029999732971191,15.029999732971191,2000,15.050000190734863,15.050000190734863,14.989522933959961
27-11-2019,14.6899995803833,15.050000190734863,5200,15.050000190734863,15.050000190734863,14.989522933959961
29-11-2019,14.899999618530273,15.050000190734863,1000,15.050000190734863,14.899999618530273,14.84012508392334
02-12-2019,14.449999809265137,14.829999923706055,7000,14.880000114440918,14.75,14.690728187561035
03-12-2019,14.180000305175781,14.680000305175781,6800,14.680000305175781,14.449999809265137,14.391934394836426
04-12-2019,14.260000228881836,14.5600004196167,3400,14.5600004196167,14.319999694824219,14.262455940246582
05-12-2019,14.289999961853027,14.399999618530273,2000,14.399999618530273,14.289999961853027,14.232576370239258
06-12-2019,14.260000228881836,14.380000114440918,15900,14.569999694824219,14.430000305175781,14.372014999389648
09-12-2019,14.399999618530273,14.399999618530273,700,14.399999618530273,14.399999618530273,14.342134475708008
10-12-2019,14.0,14.579999923706055,14700,14.579999923706055,14.380000114440918,14.32221508026123
11-12-2019,14.0,14.050000190734863,24600,14.279999732971191,14.149999618530273,14.0931396484375
12-12-2019,13.6899995803833,14.0,13100,14.239999771118164,14.109999656677246,14.053299903869629
13-12-2019,14.020000457763672,14.0600004196167,13600,14.649999618530273,14.649999618530273,14.591129302978516
16-12-2019,14.539999961853027,14.539999961853027,6300,14.829999923706055,14.75,14.690728187561035
17-12-2019,14.5600004196167,14.600000381469727,11600,14.829999923706055,14.729999542236328,14.670808792114258
18-12-2019,14.760000228881836,14.760000228881836,4500,14.829999923706055,14.800000190734863,14.740528106689453
19-12-2019,14.3100004196167,14.869999885559082,40900,14.869999885559082,14.579999923706055,14.521410942077637
20-12-2019,14.640000343322754,14.640000343322754,65300,14.829999923706055,14.819999694824219,14.76044750213623
23-12-2019,14.729999542236328,14.850000381469727,11100,14.850000381469727,14.729999542236328,14.670808792114258
24-12-2019,14.670000076293945,14.670000076293945,4100,14.869999885559082,14.789999961853027,14.730567932128906
26-12-2019,14.65999984741211,14.65999984741211,7100,14.869999885559082,14.720000267028809,14.660849571228027
27-12-2019,14.569999694824219,14.75,4800,14.75,14.699999809265137,14.640929222106934
30-12-2019,14.319999694824219,14.319999694824219,36600,14.640000343322754,14.539999961853027,14.481572151184082
31-12-2019,14.449999809265137,14.449999809265137,5200,14.890000343322754,14.890000343322754,14.83016586303711
02-01-2020,14.75,14.84000015258789,4200,14.869999885559082,14.84000015258789,14.780366897583008
03-01-2020,14.319999694824219,14.65999984741211,6200,14.760000228881836,14.319999694824219,14.262455940246582
06-01-2020,14.539999961853027,14.539999961853027,8200,14.779999732971191,14.699999809265137,14.640929222106934
07-01-2020,14.699999809265137,14.770000457763672,22500,14.850000381469727,14.710000038146973,14.65088939666748
08-01-2020,14.739999771118164,14.770000457763672,1800,14.800000190734863,14.739999771118164,14.680768966674805
09-01-2020,14.640000343322754,14.779999732971191,39900,14.960000038146973,14.710000038146973,14.65088939666748
10-01-2020,14.75,14.75,5500,14.880000114440918,14.880000114440918,14.820205688476562
13-01-2020,14.779999732971191,14.880000114440918,7700,14.970000267028809,14.800000190734863,14.740528106689453
14-01-2020,14.710000038146973,14.8100004196167,6900,14.920000076293945,14.779999732971191,14.72060775756836
15-01-2020,14.770000457763672,14.850000381469727,2500,14.859999656677246,14.770000457763672,14.710648536682129
16-01-2020,14.619999885559082,14.6899995803833,5000,14.729999542236328,14.649999618530273,14.591129302978516
17-01-2020,14.4399995803833,14.739999771118164,4700,14.739999771118164,14.4399995803833,14.381974220275879
21-01-2020,14.25,14.319999694824219,14700,14.40999984741211,14.300000190734863,14.242536544799805
22-01-2020,13.84000015258789,14.3100004196167,11200,14.3100004196167,13.84000015258789,13.784385681152344
23-01-2020,13.649999618530273,13.800000190734863,5700,14.020000457763672,13.789999961853027,13.734586715698242
24-01-2020,13.979999542236328,14.050000190734863,16100,14.369999885559082,13.979999542236328,13.923822402954102
27-01-2020,13.789999961853027,14.050000190734863,13300,14.579999923706055,13.880000114440918,13.824224472045898
28-01-2020,13.699999809265137,13.949999809265137,12000,14.300000190734863,14.0,13.943741798400879
29-01-2020,13.779999732971191,14.0,17100,14.100000381469727,13.899999618530273,13.84414291381836
30-01-2020,13.609999656677246,13.8100004196167,9900,14.109999656677246,13.680000305175781,13.625028610229492
31-01-2020,13.579999923706055,13.880000114440918,17000,13.880000114440918,13.619999885559082,13.565268516540527
03-02-2020,13.9399995803833,14.260000228881836,60200,14.680000305175781,14.329999923706055,14.272416114807129
04-02-2020,14.25,14.5600004196167,12700,14.920000076293945,14.4399995803833,14.381974220275879
05-02-2020,14.319999694824219,14.600000381469727,14600,14.680000305175781,14.600000381469727,14.54133129119873
06-02-2020,14.270000457763672,14.489999771118164,12600,14.619999885559082,14.270000457763672,14.21265697479248
07-02-2020,14.350000381469727,14.390000343322754,11700,14.920000076293945,14.380000114440918,14.32221508026123
10-02-2020,14.460000038146973,14.65999984741211,18900,14.800000190734863,14.619999885559082,14.561250686645508
11-02-2020,14.399999618530273,14.6899995803833,32800,14.899999618530273,14.399999618530273,14.342134475708008
12-02-2020,14.359999656677246,14.399999618530273,4300,14.470000267028809,14.359999656677246,14.302295684814453
13-02-2020,14.260000228881836,14.380000114440918,2400,14.380000114440918,14.359999656677246,14.302295684814453
14-02-2020,14.199999809265137,14.210000038146973,24600,14.489999771118164,14.380000114440918,14.32221508026123
18-02-2020,14.350000381469727,14.399999618530273,10400,14.420000076293945,14.359999656677246,14.302295684814453
19-02-2020,14.25,14.25,4500,14.470000267028809,14.420000076293945,14.362054824829102
20-02-2020,14.3100004196167,14.359999656677246,5000,14.399999618530273,14.399999618530273,14.342134475708008
21-02-2020,14.239999771118164,14.399999618530273,9000,14.399999618530273,14.239999771118164,14.182777404785156
24-02-2020,13.84000015258789,14.050000190734863,19100,14.210000038146973,14.020000457763672,13.963662147521973
25-02-2020,14.029999732971191,14.130000114440918,21000,14.319999694824219,14.319999694824219,14.262455940246582
26-02-2020,14.15999984741211,14.220000267028809,9200,14.350000381469727,14.239999771118164,14.182777404785156
27-02-2020,14.149999618530273,14.25,14100,14.329999923706055,14.149999618530273,14.0931396484375
28-02-2020,13.5,14.149999618530273,42900,14.25,13.84000015258789,13.784385681152344
02-03-2020,13.800000190734863,13.850000381469727,15100,14.149999618530273,14.149999618530273,14.0931396484375
03-03-2020,13.930000305175781,14.0,19000,14.09000015258789,13.930000305175781,13.8740234375
04-03-2020,13.819999694824219,14.460000038146973,26300,14.460000038146973,14.279999732971191,14.222616195678711
05-03-2020,13.8100004196167,14.09000015258789,209400,14.119999885559082,13.859999656677246,13.804305076599121
06-03-2020,13.020000457763672,13.710000038146973,23300,14.069999694824219,13.380000114440918,13.326233863830566
09-03-2020,11.800000190734863,13.199999809265137,16000,13.649999618530273,12.010000228881836,11.961738586425781
10-03-2020,11.420000076293945,12.779999732971191,55500,13.300000190734863,12.229999542236328,12.180854797363281
11-03-2020,11.460000038146973,12.0,40100,12.020000457763672,11.75,11.702783584594727
12-03-2020,9.1899995803833,11.350000381469727,19900,11.359999656677246,9.239999771118164,9.20287036895752
13-03-2020,9.800000190734863,9.800000190734863,12300,10.979999542236328,10.970000267028809,10.925917625427246
16-03-2020,6.980000019073486,10.770000457763672,83500,10.770000457763672,6.980000019073486,6.951951503753662
17-03-2020,7.130000114440918,7.130000114440918,35800,11.859999656677246,11.859999656677246,11.812341690063477
18-03-2020,9.069999694824219,10.569999694824219,39300,10.609999656677246,10.380000114440918,10.338289260864258
19-03-2020,9.930000305175781,10.279999732971191,33100,10.789999961853027,10.199999809265137,10.159011840820312
20-03-2020,9.229999542236328,10.079999923706055,38200,10.079999923706055,9.899999618530273,9.860218048095703
23-03-2020,9.09000015258789,10.149999618530273,56400,10.579999923706055,10.0,9.959815979003906
24-03-2020,9.34000015258789,9.680000305175781,33900,11.260000228881836,11.260000228881836,11.214753150939941
25-03-2020,9.770000457763672,11.350000381469727,6100,11.40999984741211,11.40999984741211,11.364150047302246
26-03-2020,10.5,10.5,29100,12.960000038146973,12.800000190734863,12.748564720153809
27-03-2020,10.720000267028809,12.800000190734863,21900,12.800000190734863,11.789999961853027,11.742623329162598
30-03-2020,10.970000267028809,11.100000381469727,19300,12.75,12.75,12.698765754699707
31-03-2020,11.649999618530273,12.850000381469727,43600,12.850000381469727,12.520000457763672,12.469690322875977
01-04-2020,11.510000228881836,12.109999656677246,17000,12.180000305175781,11.510000228881836,11.463748931884766
02-04-2020,10.930000305175781,11.899999618530273,19600,11.949999809265137,11.390000343322754,11.344230651855469
03-04-2020,10.3100004196167,11.279999732971191,10300,11.300000190734863,10.329999923706055,10.28848934173584
06-04-2020,11.050000190734863,11.350000381469727,31500,12.069999694824219,12.069999694824219,12.02149772644043
07-04-2020,11.449999809265137,12.4399995803833,5900,12.4399995803833,11.779999732971191,11.73266315460205
08-04-2020,11.180000305175781,11.779999732971191,16100,11.779999732971191,11.720000267028809,11.672904014587402
09-04-2020,11.550000190734863,11.789999961853027,18100,12.210000038146973,12.0,11.951778411865234
13-04-2020,11.5,12.3100004196167,12300,12.3100004196167,11.5,11.453788757324219
14-04-2020,11.279999732971191,11.5,12000,11.880000114440918,11.279999732971191,11.234671592712402
15-04-2020,10.6899995803833,10.699999809265137,14300,11.880000114440918,11.15999984741211,11.115154266357422
16-04-2020,10.390000343322754,11.270000457763672,20800,11.270000457763672,10.699999809265137,10.657002449035645
17-04-2020,10.520000457763672,10.930000305175781,18100,11.239999771118164,11.079999923706055,11.035475730895996
20-04-2020,10.470000267028809,10.720000267028809,14900,11.180000305175781,10.510000228881836,10.467766761779785
21-04-2020,10.3100004196167,10.739999771118164,12800,10.859999656677246,10.699999809265137,10.657002449035645
22-04-2020,10.5,10.770000457763672,9600,10.770000457763672,10.619999885559082,10.577323913574219
23-04-2020,10.0,10.319999694824219,9800,10.9399995803833,10.289999961853027,10.248649597167969
24-04-2020,10.010000228881836,10.010000228881836,4000,10.329999923706055,10.329999923706055,10.28848934173584
27-04-2020,10.180000305175781,10.300000190734863,25600,10.649999618530273,10.649999618530273,10.607203483581543
28-04-2020,10.529999732971191,10.989999771118164,21200,11.680000305175781,11.119999885559082,11.075315475463867
29-04-2020,11.300000190734863,11.579999923706055,19400,13.4399995803833,12.0600004196167,12.0115385055542
30-04-2020,10.850000381469727,11.5600004196167,22200,11.710000038146973,10.859999656677246,10.816359519958496
01-05-2020,10.489999771118164,10.489999771118164,20700,11.40999984741211,11.130000114440918,11.085275650024414
04-05-2020,10.210000038146973,10.739999771118164,8300,10.75,10.359999656677246,10.318368911743164
05-05-2020,10.029999732971191,10.399999618530273,11800,10.75,10.359999656677246,10.318368911743164
06-05-2020,9.829999923706055,10.210000038146973,9500,10.350000381469727,10.210000038146973,10.16897201538086
07-05-2020,9.850000381469727,10.239999771118164,7400,10.270000457763672,10.260000228881836,10.218771934509277
08-05-2020,10.5600004196167,10.5600004196167,12800,11.5,11.5,11.453788757324219
11-05-2020,10.609999656677246,11.020000457763672,15800,11.1899995803833,10.609999656677246,10.567364692687988
12-05-2020,9.8100004196167,10.609999656677246,14800,10.609999656677246,9.899999618530273,9.860218048095703
13-05-2020,9.609999656677246,9.8100004196167,16700,10.039999961853027,9.779999732971191,9.740699768066406
14-05-2020,9.109999656677246,9.609999656677246,20000,9.640000343322754,9.460000038146973,9.421985626220703
15-05-2020,9.569999694824219,9.569999694824219,15400,10.300000190734863,10.300000190734863,10.258609771728516
18-05-2020,9.520000457763672,10.489999771118164,17000,11.039999961853027,10.920000076293945,10.876119613647461
19-05-2020,10.069999694824219,10.619999885559082,5200,10.619999885559082,10.25,10.20881175994873
20-05-2020,10.449999809265137,11.100000381469727,25500,11.680000305175781,10.829999923706055,10.786480903625488
21-05-2020,10.8100004196167,11.1899995803833,10000,11.460000038146973,10.8100004196167,10.766561508178711
22-05-2020,10.40999984741211,10.40999984741211,3700,10.930000305175781,10.930000305175781,10.886079788208008
26-05-2020,10.239999771118164,11.380000114440918,7200,11.380000114440918,10.779999732971191,10.73668098449707
27-05-2020,10.829999923706055,11.180000305175781,24000,12.0600004196167,11.75,11.702783584594727
28-05-2020,11.350000381469727,12.100000381469727,14300,12.25,11.630000114440918,11.58326530456543
29-05-2020,10.8100004196167,11.449999809265137,16500,11.75,11.380000114440918,11.334270477294922
01-06-2020,10.640000343322754,11.430000305175781,27800,11.5,10.640000343322754,10.597244262695312
02-06-2020,10.649999618530273,10.90999984741211,6000,11.180000305175781,10.649999618530273,10.607203483581543
03-06-2020,10.729999542236328,11.0,19200,11.3100004196167,11.270000457763672,11.224712371826172
04-06-2020,10.859999656677246,10.859999656677246,17200,11.489999771118164,11.489999771118164,11.443828582763672
05-06-2020,10.949999809265137,12.069999694824219,20100,12.069999694824219,11.720000267028809,11.672904014587402
08-06-2020,11.680000305175781,11.890000343322754,12000,12.0,11.8100004196167,11.762542724609375
09-06-2020,11.600000381469727,11.6899995803833,8500,12.0,12.0,11.951778411865234
10-06-2020,11.510000228881836,11.710000038146973,5300,12.0,11.5600004196167,11.513547897338867
11-06-2020,10.069999694824219,11.069999694824219,16900,11.430000305175781,10.069999694824219,10.029534339904785
12-06-2020,10.0600004196167,10.539999961853027,22600,10.729999542236328,10.34000015258789,10.298449516296387
15-06-2020,10.0600004196167,10.0600004196167,9000,10.739999771118164,10.729999542236328,10.686882019042969
16-06-2020,10.430000305175781,11.149999618530273,12300,11.149999618530273,10.760000228881836,10.716761589050293
17-06-2020,10.390000343322754,10.800000190734863,6000,10.800000190734863,10.390000343322754,10.348248481750488
18-06-2020,10.0,10.40999984741211,11300,10.5600004196167,10.0,9.959815979003906
19-06-2020,9.899999618530273,10.149999618530273,25100,10.270000457763672,10.100000381469727,10.05941390991211
22-06-2020,9.989999771118164,10.140000343322754,12700,10.319999694824219,10.069999694824219,10.029534339904785
23-06-2020,10.050000190734863,10.25,9900,10.390000343322754,10.260000228881836,10.218771934509277
24-06-2020,9.899999618530273,10.0,11400,10.319999694824219,9.899999618530273,9.860218048095703
25-06-2020,9.770000457763672,9.8100004196167,11600,10.0,9.970000267028809,9.929936408996582
26-06-2020,9.039999961853027,9.869999885559082,59100,9.869999885559082,9.399999618530273,9.362226486206055
29-06-2020,9.630000114440918,9.630000114440918,19200,10.1899995803833,10.1899995803833,10.149052619934082
30-06-2020,9.890000343322754,10.029999732971191,19800,10.899999618530273,10.699999809265137,10.657002449035645
01-07-2020,10.210000038146973,10.6899995803833,4700,10.699999809265137,10.210000038146973,10.16897201538086
02-07-2020,10.180000305175781,10.390000343322754,5200,10.390000343322754,10.319999694824219,10.278529167175293
06-07-2020,10.390000343322754,10.40999984741211,5600,10.739999771118164,10.739999771118164,10.696842193603516
07-07-2020,10.020000457763672,10.760000228881836,8400,10.760000228881836,10.020000457763672,9.979735374450684
08-07-2020,10.140000343322754,10.420000076293945,10100,10.420000076293945,10.270000457763672,10.228732109069824
09-07-2020,9.5,10.210000038146973,12400,10.210000038146973,9.569999694824219,9.531543731689453
10-07-2020,9.510000228881836,9.670000076293945,6300,10.609999656677246,10.4399995803833,10.39804744720459
13-07-2020,10.260000228881836,10.65999984741211,4500,10.65999984741211,10.380000114440918,10.338289260864258
14-07-2020,10.199999809265137,10.25,3400,10.399999618530273,10.399999618530273,10.358207702636719
15-07-2020,10.529999732971191,10.6899995803833,14000,10.970000267028809,10.739999771118164,10.696842193603516
16-07-2020,10.619999885559082,10.619999885559082,5400,10.979999542236328,10.899999618530273,10.856199264526367
17-07-2020,10.65999984741211,10.800000190734863,4400,10.930000305175781,10.699999809265137,10.657002449035645
20-07-2020,10.699999809265137,10.699999809265137,1200,10.699999809265137,10.699999809265137,10.657002449035645
21-07-2020,10.869999885559082,10.949999809265137,7400,11.0,10.890000343322754,10.846240043640137
22-07-2020,10.449999809265137,10.449999809265137,4300,10.819999694824219,10.789999961853027,10.746641159057617
23-07-2020,11.0,11.0,33300,11.430000305175781,11.300000190734863,11.254591941833496
24-07-2020,11.25,11.319999694824219,9800,11.5,11.300000190734863,11.254591941833496
27-07-2020,11.25,11.25,4200,11.390000343322754,11.390000343322754,11.344230651855469
28-07-2020,10.819999694824219,10.819999694824219,2200,11.220000267028809,10.90999984741211,10.866159439086914
29-07-2020,10.819999694824219,11.210000038146973,9800,11.319999694824219,11.0,10.95579719543457
30-07-2020,10.819999694824219,11.15999984741211,4000,11.5,10.819999694824219,10.776520729064941
31-07-2020,10.619999885559082,10.630000114440918,4400,10.630000114440918,10.619999885559082,10.577323913574219
03-08-2020,10.40999984741211,10.779999732971191,3400,11.0,11.0,10.95579719543457
04-08-2020,10.569999694824219,10.649999618530273,2500,10.920000076293945,10.920000076293945,10.876119613647461
05-08-2020,10.65999984741211,10.8100004196167,9500,11.0600004196167,10.899999618530273,10.856199264526367
06-08-2020,10.550000190734863,10.5600004196167,7900,10.619999885559082,10.550000190734863,10.507606506347656
07-08-2020,10.5,10.5,6500,10.899999618530273,10.800000190734863,10.756601333618164
10-08-2020,10.680000305175781,10.760000228881836,4000,10.800000190734863,10.680000305175781,10.637083053588867
11-08-2020,10.649999618530273,10.890000343322754,3500,10.890000343322754,10.649999618530273,10.607203483581543
12-08-2020,10.880000114440918,10.880000114440918,8900,11.34000015258789,10.979999542236328,10.935876846313477
13-08-2020,10.739999771118164,10.819999694824219,2600,11.0,10.739999771118164,10.696842193603516
14-08-2020,10.800000190734863,10.890000343322754,2500,10.890000343322754,10.800000190734863,10.756601333618164
17-08-2020,10.5600004196167,10.779999732971191,23100,10.829999923706055,10.729999542236328,10.686882019042969
18-08-2020,10.670000076293945,10.770000457763672,3800,10.770000457763672,10.670000076293945,10.62712287902832
19-08-2020,10.640000343322754,10.649999618530273,3500,11.140000343322754,11.140000343322754,11.095234870910645
20-08-2020,10.640000343322754,10.880000114440918,28300,11.0,10.649999618530273,10.607203483581543
21-08-2020,10.109999656677246,10.640000343322754,62300,11.119999885559082,10.109999656677246,10.06937313079834
24-08-2020,10.029999732971191,10.34000015258789,4600,10.640000343322754,10.119999885559082,10.079333305358887
25-08-2020,10.109999656677246,10.34000015258789,5300,10.640000343322754,10.180000305175781,10.139093399047852
26-08-2020,10.130000114440918,10.130000114440918,9200,10.539999961853027,10.229999542236328,10.188891410827637
27-08-2020,10.170000076293945,10.779999732971191,4200,10.779999732971191,10.350000381469727,10.308409690856934
28-08-2020,10.069999694824219,10.239999771118164,6500,10.850000381469727,10.630000114440918,10.587284088134766
31-08-2020,10.40999984741211,10.630000114440918,14400,10.789999961853027,10.40999984741211,10.368167877197266
01-09-2020,10.319999694824219,10.319999694824219,7200,10.649999618530273,10.399999618530273,10.358207702636719
02-09-2020,10.329999923706055,10.390000343322754,6800,10.739999771118164,10.729999542236328,10.686882019042969
03-09-2020,10.470000267028809,10.779999732971191,10000,10.779999732971191,10.75,10.706802368164062
04-09-2020,10.399999618530273,10.960000038146973,3700,11.0,10.75,10.706802368164062
08-09-2020,10.600000381469727,10.600000381469727,12100,10.8100004196167,10.619999885559082,10.577323913574219
09-09-2020,10.75,10.75,10600,10.899999618530273,10.800000190734863,10.756601333618164
10-09-2020,10.329999923706055,10.460000038146973,6200,10.630000114440918,10.600000381469727,10.557405471801758
11-09-2020,10.359999656677246,10.569999694824219,26700,10.600000381469727,10.359999656677246,10.318368911743164
14-09-2020,10.479999542236328,10.479999542236328,3900,10.859999656677246,10.859999656677246,10.816359519958496
15-09-2020,10.5,10.880000114440918,138800,10.880000114440918,10.550000190734863,10.507606506347656
16-09-2020,10.470000267028809,10.470000267028809,6200,10.630000114440918,10.550000190734863,10.507606506347656
17-09-2020,10.460000038146973,10.460000038146973,2300,10.529999732971191,10.5,10.457806587219238
18-09-2020,9.65999984741211,10.449999809265137,62600,10.479999542236328,9.65999984741211,9.62118148803711
21-09-2020,9.119999885559082,10.0,23300,10.100000381469727,9.140000343322754,9.103272438049316
22-09-2020,9.039999961853027,9.239999771118164,28200,9.390000343322754,9.300000190734863,9.262629508972168
23-09-2020,9.109999656677246,9.399999618530273,13200,9.399999618530273,9.149999618530273,9.11323070526123
24-09-2020,9.020000457763672,9.220000267028809,7800,9.279999732971191,9.0600004196167,9.023592948913574
25-09-2020,9.25,9.319999694824219,6900,9.40999984741211,9.260000228881836,9.222789764404297
28-09-2020,9.1899995803833,9.5600004196167,18600,9.5600004196167,9.34000015258789,9.302467346191406
29-09-2020,9.319999694824219,9.319999694824219,1400,9.550000190734863,9.550000190734863,9.511624336242676
30-09-2020,9.380000114440918,9.380000114440918,6900,9.619999885559082,9.460000038146973,9.421985626220703
01-10-2020,9.300000190734863,9.359999656677246,5300,9.369999885559082,9.300000190734863,9.262629508972168
02-10-2020,9.260000228881836,9.300000190734863,11500,9.739999771118164,9.609999656677246,9.571383476257324
05-10-2020,9.739999771118164,9.8100004196167,8800,10.069999694824219,9.850000381469727,9.810419082641602
06-10-2020,9.90999984741211,9.979999542236328,16300,10.420000076293945,9.989999771118164,9.94985580444336
07-10-2020,10.029999732971191,10.3100004196167,15100,10.59000015258789,10.460000038146973,10.417967796325684
08-10-2020,10.109999656677246,10.579999923706055,8300,10.59000015258789,10.520000457763672,10.477726936340332
09-10-2020,10.390000343322754,10.5,23500,10.550000190734863,10.520000457763672,10.477726936340332
12-10-2020,10.350000381469727,10.569999694824219,29900,10.6899995803833,10.390000343322754,10.348248481750488
13-10-2020,9.9399995803833,10.430000305175781,3500,10.430000305175781,9.9399995803833,9.900056838989258
14-10-2020,9.65999984741211,10.050000190734863,6900,10.050000190734863,9.75,9.710820198059082
15-10-2020,9.720000267028809,9.770000457763672,6000,9.970000267028809,9.970000267028809,9.929936408996582
16-10-2020,9.8100004196167,9.859999656677246,7800,10.119999885559082,10.039999961853027,9.999654769897461
19-10-2020,9.949999809265137,9.949999809265137,4700,10.100000381469727,9.979999542236328,9.939895629882812
20-10-2020,9.970000267028809,9.970000267028809,3700,10.279999732971191,10.279999732971191,10.238691329956055
21-10-2020,10.229999542236328,10.369999885559082,8200,10.4399995803833,10.359999656677246,10.318368911743164
22-10-2020,10.399999618530273,10.40999984741211,8700,10.640000343322754,10.460000038146973,10.417967796325684
23-10-2020,10.5600004196167,10.59000015258789,5200,10.680000305175781,10.569999694824219,10.527524948120117
26-10-2020,10.119999885559082,10.130000114440918,7300,10.40999984741211,10.270000457763672,10.228732109069824
27-10-2020,10.109999656677246,10.329999923706055,64700,10.979999542236328,10.199999809265137,10.159011840820312
28-10-2020,9.75,10.680000305175781,39300,10.680000305175781,9.789999961853027,9.750659942626953
29-10-2020,9.75,9.920000076293945,11900,10.050000190734863,10.050000190734863,10.009614944458008
30-10-2020,10.0600004196167,10.079999923706055,40200,10.600000381469727,10.520000457763672,10.477726936340332
02-11-2020,10.729999542236328,10.739999771118164,57700,11.119999885559082,11.119999885559082,11.075315475463867
03-11-2020,11.0,11.119999885559082,56800,11.5,11.119999885559082,11.075315475463867
04-11-2020,10.710000038146973,11.079999923706055,17100,11.25,10.859999656677246,10.816359519958496
05-11-2020,10.989999771118164,11.239999771118164,36600,11.369999885559082,11.15999984741211,11.115154266357422
06-11-2020,10.630000114440918,11.319999694824219,44900,11.319999694824219,10.640000343322754,10.597244262695312
09-11-2020,10.970000267028809,11.300000190734863,51500,11.899999618530273,11.40999984741211,11.364150047302246
10-11-2020,10.869999885559082,11.729999542236328,53300,11.729999542236328,11.600000381469727,11.553386688232422
11-11-2020,11.5600004196167,11.989999771118164,19600,12.0,12.0,11.951778411865234
12-11-2020,11.479999542236328,11.90999984741211,11600,11.989999771118164,11.65999984741211,11.613144874572754
13-11-2020,11.609999656677246,11.649999618530273,21400,12.649999618530273,12.010000228881836,11.961738586425781
16-11-2020,12.140000343322754,12.210000038146973,21500,12.59000015258789,12.510000228881836,12.45973014831543
17-11-2020,12.350000381469727,12.380000114440918,12300,12.930000305175781,12.479999542236328,12.429849624633789
18-11-2020,12.4399995803833,12.4399995803833,92300,12.649999618530273,12.449999809265137,12.399971008300781
19-11-2020,12.119999885559082,12.289999961853027,9100,12.329999923706055,12.300000190734863,12.25057315826416
20-11-2020,11.90999984741211,12.130000114440918,13500,12.3100004196167,12.3100004196167,12.260533332824707
23-11-2020,12.270000457763672,12.369999885559082,23600,12.5,12.470000267028809,12.419890403747559
24-11-2020,12.40999984741211,12.5,24100,12.65999984741211,12.5,12.449769973754883
25-11-2020,12.279999732971191,12.40999984741211,6500,12.4399995803833,12.369999885559082,12.320292472839355
27-11-2020,12.220000267028809,12.479999542236328,4500,12.479999542236328,12.390000343322754,12.340211868286133
30-11-2020,11.600000381469727,12.260000228881836,16400,12.260000228881836,11.890000343322754,11.842222213745117
01-12-2020,11.789999961853027,11.989999771118164,11300,12.470000267028809,11.930000305175781,11.882060050964355
02-12-2020,11.920000076293945,12.069999694824219,19700,12.5,12.289999961853027,12.240612983703613
03-12-2020,12.010000228881836,12.380000114440918,5700,12.380000114440918,12.079999923706055,12.031457901000977
04-12-2020,12.1899995803833,12.3100004196167,15300,12.390000343322754,12.270000457763672,12.220694541931152
07-12-2020,12.020000457763672,12.170000076293945,21900,12.4399995803833,12.390000343322754,12.340211868286133
08-12-2020,12.15999984741211,12.229999542236328,89100,12.600000381469727,12.550000190734863,12.4995698928833
09-12-2020,12.569999694824219,12.699999809265137,13300,12.859999656677246,12.65999984741211,12.609126091003418
10-12-2020,12.600000381469727,12.65999984741211,5300,12.9399995803833,12.890000343322754,12.838203430175781
11-12-2020,12.640000343322754,12.869999885559082,31200,12.920000076293945,12.779999732971191,12.728644371032715
14-12-2020,12.40999984741211,12.800000190734863,68600,12.880000114440918,12.5,12.449769973754883
15-12-2020,12.399999618530273,12.670000076293945,11700,12.949999809265137,12.699999809265137,12.648965835571289
16-12-2020,12.5600004196167,12.930000305175781,10900,12.930000305175781,12.5600004196167,12.509530067443848
17-12-2020,12.6899995803833,12.699999809265137,8200,13.0,12.920000076293945,12.868082046508789
18-12-2020,12.770000457763672,13.039999961853027,73700,13.930000305175781,13.649999618530273,13.595148086547852
21-12-2020,13.109999656677246,13.510000228881836,13200,13.510000228881836,13.229999542236328,13.176835060119629
22-12-2020,13.149999618530273,13.350000381469727,8500,13.350000381469727,13.1899995803833,13.13699722290039
23-12-2020,13.180000305175781,13.260000228881836,6600,13.970000267028809,13.680000305175781,13.625028610229492
24-12-2020,13.600000381469727,13.609999656677246,6500,13.960000038146973,13.640000343322754,13.585188865661621
28-12-2020,13.699999809265137,13.819999694824219,24100,14.5,13.90999984741211,13.854103088378906
29-12-2020,13.649999618530273,13.949999809265137,11300,13.949999809265137,13.720000267028809,13.664867401123047
30-12-2020,13.800000190734863,13.880000114440918,11100,14.350000381469727,13.890000343322754,13.834183692932129
31-12-2020,13.859999656677246,13.920000076293945,16800,14.020000457763672,13.930000305175781,13.8740234375
04-01-2021,13.529999732971191,13.630000114440918,22900,13.869999885559082,13.600000381469727,13.545350074768066
05-01-2021,13.539999961853027,13.619999885559082,23300,13.899999618530273,13.600000381469727,13.545350074768066
06-01-2021,13.84000015258789,13.859999656677246,30400,14.699999809265137,14.390000343322754,14.332175254821777
07-01-2021,14.329999923706055,14.529999732971191,19000,14.979999542236328,14.65999984741211,14.601089477539062
08-01-2021,14.020000457763672,14.65999984741211,21800,14.65999984741211,14.399999618530273,14.342134475708008
11-01-2021,14.020000457763672,14.300000190734863,9800,14.40999984741211,14.199999809265137,14.142938613891602
12-01-2021,14.229999542236328,14.329999923706055,11300,14.75,14.520000457763672,14.461653709411621
13-01-2021,14.25,14.59000015258789,10800,14.630000114440918,14.40999984741211,14.352094650268555
14-01-2021,14.359999656677246,14.380000114440918,16700,14.729999542236328,14.699999809265137,14.640929222106934
15-01-2021,14.34000015258789,14.5,9100,14.5,14.460000038146973,14.401893615722656
19-01-2021,14.350000381469727,14.460000038146973,24700,14.890000343322754,14.5,14.441733360290527
20-01-2021,14.140000343322754,14.5,15900,14.6899995803833,14.270000457763672,14.21265697479248
21-01-2021,14.050000190734863,14.279999732971191,24300,14.34000015258789,14.050000190734863,13.993541717529297
22-01-2021,13.84000015258789,13.949999809265137,37000,14.649999618530273,14.649999618530273,14.591129302978516
25-01-2021,13.899999618530273,14.40999984741211,13600,14.600000381469727,14.430000305175781,14.372014999389648
26-01-2021,13.979999542236328,14.430000305175781,13800,14.430000305175781,14.140000343322754,14.08318042755127
27-01-2021,13.8100004196167,14.199999809265137,31500,14.319999694824219,14.180000305175781,14.123019218444824
28-01-2021,14.039999961853027,14.359999656677246,26900,14.979999542236328,14.800000190734863,14.740528106689453
29-01-2021,14.510000228881836,14.800000190734863,35800,14.890000343322754,14.739999771118164,14.680768966674805
01-02-2021,14.510000228881836,14.75,46600,15.539999961853027,14.800000190734863,14.740528106689453
02-02-2021,14.550000190734863,15.0,27900,15.0,14.5600004196167,14.50149154663086
03-02-2021,14.350000381469727,14.550000190734863,14100,14.770000457763672,14.479999542236328,14.421813011169434
04-02-2021,14.34000015258789,14.5,16700,14.850000381469727,14.34000015258789,14.282376289367676
05-02-2021,14.329999923706055,14.600000381469727,36600,14.649999618530273,14.529999732971191,14.471612930297852
08-02-2021,14.180000305175781,14.569999694824219,40400,14.850000381469727,14.569999694824219,14.51145076751709
09-02-2021,14.3100004196167,14.59000015258789,23500,14.75,14.399999618530273,14.342134475708008
10-02-2021,14.25,14.359999656677246,13800,14.600000381469727,14.5,14.441733360290527
11-02-2021,14.470000267028809,14.470000267028809,84800,15.100000381469727,15.010000228881836,14.949684143066406
12-02-2021,15.010000228881836,15.010000228881836,72600,15.460000038146973,15.460000038146973,15.397875785827637
16-02-2021,15.300000190734863,15.460000038146973,20200,15.739999771118164,15.619999885559082,15.557231903076172
17-02-2021,15.029999732971191,15.569999694824219,38100,15.600000381469727,15.550000190734863,15.487513542175293
18-02-2021,15.270000457763672,15.5,21800,15.600000381469727,15.449999809265137,15.38791561126709
19-02-2021,15.300000190734863,15.40999984741211,57500,15.699999809265137,15.5,15.437714576721191
22-02-2021,15.550000190734863,15.569999694824219,35400,15.739999771118164,15.640000343322754,15.577152252197266
23-02-2021,15.609999656677246,15.630000114440918,50000,16.780000686645508,16.079999923706055,16.015382766723633
24-02-2021,16.239999771118164,16.239999771118164,30800,16.829999923706055,16.520000457763672,16.453617095947266
25-02-2021,15.920000076293945,16.639999389648438,23300,16.639999389648438,15.920000076293945,15.856026649475098
26-02-2021,15.800000190734863,15.970000267028809,25300,16.06999969482422,15.949999809265137,15.885906219482422
01-03-2021,16.010000228881836,16.639999389648438,17300,16.639999389648438,16.100000381469727,16.035303115844727
02-03-2021,15.619999885559082,16.1299991607666,31700,16.520000457763672,16.260000228881836,16.194660186767578
03-03-2021,16.260000228881836,16.260000228881836,18600,17.450000762939453,17.190000534057617,17.12092399597168
04-03-2021,17.09000015258789,17.350000381469727,63000,17.860000610351562,17.31999969482422,17.25040054321289
05-03-2021,17.5,17.5,55500,18.510000228881836,18.0,17.92766761779785
08-03-2021,18.0,18.25,159500,20.15999984741211,19.579999923706055,19.501319885253906
09-03-2021,19.5,19.639999389648438,87300,20.280000686645508,20.110000610351562,20.029190063476562
10-03-2021,20.239999771118164,20.309999465942383,84700,20.959999084472656,20.75,20.66661834716797
11-03-2021,19.719999313354492,20.899999618530273,53000,20.950000762939453,20.0,19.919631958007812
12-03-2021,20.0,20.200000762939453,59400,20.549999237060547,20.18000030517578,20.098909378051758
15-03-2021,18.3700008392334,19.889999389648438,54200,20.139999389648438,19.469999313354492,19.391761779785156
16-03-2021,18.809999465942383,19.399999618530273,24000,19.420000076293945,19.15999984741211,19.0830078125
17-03-2021,18.959999084472656,19.15999984741211,20600,19.520000457763672,19.139999389648438,19.063087463378906
18-03-2021,18.850000381469727,19.31999969482422,32600,19.360000610351562,19.09000015258789,19.013288497924805
19-03-2021,18.860000610351562,19.1200008392334,164600,20.040000915527344,20.040000915527344,19.959470748901367
22-03-2021,19.31999969482422,20.1299991607666,33800,20.219999313354492,19.440000534057617,19.361881256103516
23-03-2021,19.040000915527344,19.200000762939453,24100,19.200000762939453,19.06999969482422,18.99336814880371
24-03-2021,19.100000381469727,19.280000686645508,42700,19.56999969482422,19.18000030517578,19.102928161621094
25-03-2021,19.06999969482422,19.479999542236328,16900,19.600000381469727,19.3799991607666,19.302122116088867
26-03-2021,19.559999465942383,19.559999465942383,13800,19.93000030517578,19.93000030517578,19.849912643432617
29-03-2021,19.34000015258789,19.90999984741211,13900,19.920000076293945,19.399999618530273,19.32204246520996
30-03-2021,19.34000015258789,19.8700008392334,15900,19.8700008392334,19.440000534057617,19.361881256103516
31-03-2021,19.290000915527344,19.469999313354492,11200,19.489999771118164,19.290000915527344,19.212486267089844
01-04-2021,18.920000076293945,19.290000915527344,12900,19.290000915527344,19.18000030517578,19.102928161621094
05-04-2021,19.200000762939453,19.200000762939453,22000,19.90999984741211,19.610000610351562,19.531198501586914
06-04-2021,19.579999923706055,19.610000610351562,15300,19.889999389648438,19.65999984741211,19.580997467041016
07-04-2021,19.280000686645508,19.610000610351562,15800,19.860000610351562,19.34000015258789,19.262283325195312
08-04-2021,19.350000381469727,19.479999542236328,6700,19.479999542236328,19.40999984741211,19.332002639770508
09-04-2021,19.360000610351562,19.59000015258789,41600,19.700000762939453,19.559999465942383,19.481399536132812
12-04-2021,19.5,19.6299991607666,15800,19.700000762939453,19.579999923706055,19.501319885253906
13-04-2021,19.09000015258789,19.6299991607666,13800,19.649999618530273,19.56999969482422,19.49135971069336
14-04-2021,19.6299991607666,19.639999389648438,121700,20.5,20.18000030517578,20.098909378051758
15-04-2021,19.799999237060547,20.719999313354492,44000,20.719999313354492,20.09000015258789,20.0092716217041
16-04-2021,20.1200008392334,20.1200008392334,39800,20.780000686645508,20.639999389648438,20.557058334350586
19-04-2021,20.719999313354492,20.760000228881836,164400,21.969999313354492,21.8799991607666,21.792076110839844
20-04-2021,20.639999389648438,22.0,67300,22.0,20.790000915527344,20.706459045410156
21-04-2021,20.68000030517578,20.68000030517578,45800,21.56999969482422,21.18000030517578,21.094890594482422
22-04-2021,20.520000457763672,21.34000015258789,53800,21.3700008392334,21.200000762939453,21.114810943603516
23-04-2021,21.1299991607666,21.1299991607666,142500,23.100000381469727,22.770000457763672,22.67850112915039
26-04-2021,21.81999969482422,22.93000030517578,80700,22.93000030517578,22.18000030517578,22.090871810913086
27-04-2021,22.06999969482422,22.209999084472656,29100,22.489999771118164,22.1299991607666,22.041072845458984
28-04-2021,21.950000762939453,22.229999542236328,64400,22.3700008392334,22.18000030517578,22.090871810913086
29-04-2021,22.18000030517578,22.329999923706055,58200,22.440000534057617,22.219999313354492,22.13071060180664
30-04-2021,21.639999389648438,22.110000610351562,31000,22.229999542236328,21.969999313354492,21.881715774536133
03-05-2021,21.600000381469727,22.0,37100,22.0,21.979999542236328,21.891674041748047
04-05-2021,21.68000030517578,21.780000686645508,25100,21.979999542236328,21.799999237060547,21.712398529052734
05-05-2021,21.75,21.81999969482422,53000,22.25,22.219999313354492,22.13071060180664
06-05-2021,22.100000381469727,22.190000534057617,63100,22.299999237060547,22.260000228881836,22.170551300048828
07-05-2021,21.719999313354492,22.18000030517578,89100,22.3799991607666,22.299999237060547,22.21038818359375
10-05-2021,21.709999084472656,22.290000915527344,45400,22.299999237060547,22.0,21.91159439086914
11-05-2021,21.15999984741211,21.670000076293945,67600,21.90999984741211,21.3799991607666,21.294084548950195
12-05-2021,21.15999984741211,21.489999771118164,45500,21.780000686645508,21.3799991607666,21.294084548950195
13-05-2021,21.219999313354492,21.3799991607666,31200,21.84000015258789,21.479999542236328,21.39368438720703
14-05-2021,21.65999984741211,21.68000030517578,37300,22.0,21.829999923706055,21.742277145385742
17-05-2021,21.510000228881836,21.549999237060547,39100,22.0,21.940000534057617,21.851835250854492
18-05-2021,21.34000015258789,21.940000534057617,25700,22.0,21.34000015258789,21.25424575805664
19-05-2021,20.65999984741211,21.170000076293945,40700,21.399999618530273,21.270000457763672,21.184528350830078
20-05-2021,20.81999969482422,20.90999984741211,43800,21.399999618530273,21.350000381469727,21.26420783996582
21-05-2021,21.260000228881836,21.549999237060547,39300,21.600000381469727,21.5,21.413604736328125
24-05-2021,21.110000610351562,21.700000762939453,24200,21.889999389648438,21.729999542236328,21.64267921447754
25-05-2021,21.579999923706055,21.6299991607666,73900,21.760000228881836,21.75,21.662599563598633
26-05-2021,21.670000076293945,21.729999542236328,80400,21.850000381469727,21.84000015258789,21.752239227294922
27-05-2021,21.700000762939453,21.93000030517578,269900,22.200000762939453,22.110000610351562,22.021154403686523
28-05-2021,21.93000030517578,22.100000381469727,41400,22.15999984741211,21.989999771118164,21.901636123657227
01-06-2021,21.959999084472656,22.030000686645508,76500,22.15999984741211,22.1200008392334,22.031112670898438
02-06-2021,21.899999618530273,22.149999618530273,67700,22.299999237060547,22.25,22.16058921813965
03-06-2021,22.010000228881836,22.25,59800,22.75,22.719999313354492,22.628700256347656
04-06-2021,22.65999984741211,22.829999923706055,326000,24.610000610351562,24.360000610351562,24.262113571166992
07-06-2021,24.110000610351562,24.5,117200,24.920000076293945,24.65999984741211,24.56090545654297
08-06-2021,23.889999389648438,24.649999618530273,69400,24.65999984741211,24.18000030517578,24.082834243774414
09-06-2021,21.5,24.079999923706055,313900,24.079999923706055,21.709999084472656,21.622758865356445
10-06-2021,21.5,22.06999969482422,49900,22.479999542236328,21.510000228881836,21.423564910888672
11-06-2021,20.6200008392334,21.520000457763672,96300,21.829999923706055,20.850000381469727,20.766218185424805
14-06-2021,19.459999084472656,20.899999618530273,262500,21.530000686645508,20.34000015258789,20.25826644897461
15-06-2021,20.440000534057617,20.5,84400,21.229999542236328,21.200000762939453,21.114810943603516
16-06-2021,20.809999465942383,21.219999313354492,32200,21.510000228881836,21.280000686645508,21.194488525390625
17-06-2021,20.700000762939453,21.280000686645508,33500,21.440000534057617,20.75,20.66661834716797
18-06-2021,19.850000381469727,20.450000762939453,67900,20.549999237060547,20.049999237060547,19.969430923461914
21-06-2021,20.100000381469727,20.100000381469727,30600,20.889999389648438,20.719999313354492,20.636737823486328
22-06-2021,20.139999389648438,20.799999237060547,24600,20.809999465942383,20.75,20.66661834716797
23-06-2021,20.190000534057617,20.799999237060547,27600,21.049999237060547,20.559999465942383,20.47738265991211
24-06-2021,20.489999771118164,20.579999923706055,21800,20.90999984741211,20.889999389648438,20.806055068969727
25-06-2021,20.56999969482422,20.950000762939453,196500,21.459999084472656,21.049999237060547,20.965410232543945
28-06-2021,20.190000534057617,21.0,28000,21.0,20.299999237060547,20.218425750732422
29-06-2021,20.350000381469727,20.440000534057617,28600,20.6299991607666,20.450000762939453,20.36782455444336
30-06-2021,20.389999389648438,20.389999389648438,26700,20.780000686645508,20.450000762939453,20.36782455444336
01-07-2021,19.790000915527344,20.59000015258789,20400,20.68000030517578,20.649999618530273,20.567020416259766
02-07-2021,20.139999389648438,20.719999313354492,27200,20.739999771118164,20.260000228881836,20.178586959838867
06-07-2021,19.510000228881836,20.18000030517578,22700,20.18000030517578,19.760000228881836,19.68059730529785
07-07-2021,19.239999771118164,19.649999618530273,29500,20.18000030517578,19.790000915527344,19.71047592163086
08-07-2021,19.010000228881836,19.479999542236328,20400,19.600000381469727,19.25,19.172645568847656
09-07-2021,19.190000534057617,19.31999969482422,18300,19.979999542236328,19.959999084472656,19.879791259765625
12-07-2021,19.3700008392334,19.770000457763672,21200,20.450000762939453,20.3700008392334,20.288145065307617
13-07-2021,19.81999969482422,20.31999969482422,10800,20.31999969482422,19.950000762939453,19.86983299255371
14-07-2021,19.719999313354492,19.979999542236328,40200,20.459999084472656,20.030000686645508,19.949512481689453
15-07-2021,19.75,19.950000762939453,17500,20.399999618530273,20.15999984741211,20.078989028930664
16-07-2021,19.8799991607666,20.309999465942383,14100,20.540000915527344,19.8799991607666,19.800113677978516
19-07-2021,19.200000762939453,19.469999313354492,20400,19.889999389648438,19.479999542236328,19.40172004699707
20-07-2021,19.489999771118164,19.489999771118164,24000,20.450000762939453,19.989999771118164,19.909671783447266
21-07-2021,20.100000381469727,20.1200008392334,10100,20.600000381469727,20.350000381469727,20.268224716186523
22-07-2021,20.350000381469727,20.350000381469727,33200,21.0,20.940000534057617,20.85585594177246
23-07-2021,20.56999969482422,20.989999771118164,16500,21.5,21.25,21.164608001708984
26-07-2021,21.149999618530273,21.290000915527344,25100,21.979999542236328,21.940000534057617,21.851835250854492
27-07-2021,20.420000076293945,20.420000076293945,40900,22.56999969482422,22.559999465942383,22.469343185424805
28-07-2021,22.139999389648438,22.639999389648438,9400,23.09000015258789,22.649999618530273,22.558982849121094
29-07-2021,22.209999084472656,22.6200008392334,120100,22.8700008392334,22.75,22.708711624145508
30-07-2021,22.549999237060547,22.700000762939453,17200,23.0,22.719999313354492,22.67876434326172
02-08-2021,22.18000030517578,22.8700008392334,11200,22.8700008392334,22.34000015258789,22.299455642700195
03-08-2021,21.829999923706055,22.34000015258789,22000,23.229999542236328,22.739999771118164,22.698728561401367
04-08-2021,22.540000915527344,22.540000915527344,6800,22.979999542236328,22.760000228881836,22.718692779541016
05-08-2021,22.75,22.75,70500,23.149999618530273,22.84000015258789,22.798547744750977
06-08-2021,22.950000762939453,23.049999237060547,14400,23.75,23.639999389648438,23.597095489501953
09-08-2021,23.219999313354492,23.700000762939453,12000,23.729999542236328,23.489999771118164,23.447368621826172
10-08-2021,23.059999465942383,23.40999984741211,15100,23.829999923706055,23.75,23.70689582824707
11-08-2021,23.260000228881836,23.729999542236328,18100,23.729999542236328,23.68000030517578,23.63702392578125
12-08-2021,23.280000686645508,23.700000762939453,17600,23.729999542236328,23.579999923706055,23.53720474243164
13-08-2021,23.110000610351562,23.530000686645508,9800,23.709999084472656,23.530000686645508,23.487295150756836
16-08-2021,23.280000686645508,23.530000686645508,74100,24.979999542236328,24.450000762939453,24.40562629699707
17-08-2021,23.530000686645508,24.450000762939453,33000,24.559999465942383,24.170000076293945,24.12613296508789
18-08-2021,23.81999969482422,24.299999237060547,20700,24.450000762939453,24.010000228881836,23.9664249420166
19-08-2021,23.440000534057617,23.84000015258789,27500,24.200000762939453,23.68000030517578,23.63702392578125
20-08-2021,23.520000457763672,23.520000457763672,13600,24.040000915527344,23.790000915527344,23.746824264526367
23-08-2021,23.6200008392334,23.739999771118164,24800,24.229999542236328,23.670000076293945,23.62704086303711
24-08-2021,23.040000915527344,23.31999969482422,19200,23.799999237060547,23.670000076293945,23.62704086303711
25-08-2021,23.309999465942383,23.520000457763672,37900,23.799999237060547,23.5,23.45734977722168
26-08-2021,23.530000686645508,23.979999542236328,25700,23.979999542236328,23.530000686645508,23.487295150756836
27-08-2021,23.360000610351562,23.639999389648438,28400,23.780000686645508,23.729999542236328,23.686931610107422
30-08-2021,22.799999237060547,23.65999984741211,21000,23.760000228881836,23.0,22.9582576751709
31-08-2021,22.649999618530273,23.110000610351562,16800,23.950000762939453,23.719999313354492,23.676950454711914
01-09-2021,22.959999084472656,23.75,17400,23.75,23.1299991607666,23.08802032470703
02-09-2021,22.860000610351562,23.1299991607666,6600,23.809999465942383,23.209999084472656,23.167875289916992
03-09-2021,22.65999984741211,23.209999084472656,10700,23.260000228881836,23.030000686645508,22.988203048706055
07-09-2021,22.459999084472656,23.0,14100,23.020000457763672,22.489999771118164,22.449182510375977
08-09-2021,22.25,22.440000534057617,20200,22.829999923706055,22.649999618530273,22.6088924407959
09-09-2021,22.559999465942383,22.700000762939453,19000,23.0,22.700000762939453,22.658802032470703
10-09-2021,22.1200008392334,22.610000610351562,19700,22.639999389648438,22.3799991607666,22.33938217163086
13-09-2021,22.020000457763672,22.479999542236328,13300,22.700000762939453,22.280000686645508,22.239564895629883
14-09-2021,21.149999618530273,22.200000762939453,25700,22.229999542236328,21.860000610351562,21.820327758789062
15-09-2021,21.479999542236328,21.899999618530273,17000,22.229999542236328,22.170000076293945,22.129764556884766
16-09-2021,21.760000228881836,21.93000030517578,11300,22.719999313354492,22.149999618530273,22.109800338745117
17-09-2021,21.8799991607666,22.190000534057617,80300,23.549999237060547,22.90999984741211,22.868419647216797
20-09-2021,21.760000228881836,22.530000686645508,17900,23.18000030517578,22.06999969482422,22.029945373535156
21-09-2021,22.15999984741211,22.15999984741211,9600,22.770000457763672,22.219999313354492,22.179672241210938
22-09-2021,21.8799991607666,22.260000228881836,14700,22.59000015258789,22.0,21.960071563720703
23-09-2021,22.25,22.25,27600,23.690000534057617,23.110000610351562,23.068058013916016
24-09-2021,23.049999237060547,23.079999923706055,8900,23.790000915527344,23.610000610351562,23.567150115966797
27-09-2021,23.649999618530273,23.649999618530273,21400,24.56999969482422,24.0,23.95644187927246
28-09-2021,23.3700008392334,24.09000015258789,12700,24.200000762939453,23.889999389648438,23.846641540527344
29-09-2021,23.670000076293945,23.950000762939453,15300,24.600000381469727,24.399999618530273,24.355716705322266
30-09-2021,23.65999984741211,24.190000534057617,32100,24.799999237060547,24.059999465942383,24.016332626342773
01-10-2021,23.559999465942383,24.010000228881836,63000,25.239999771118164,24.459999084472656,24.415607452392578
04-10-2021,24.399999618530273,24.59000015258789,28800,25.149999618530273,24.420000076293945,24.375680923461914
05-10-2021,24.420000076293945,24.479999542236328,17100,24.950000762939453,24.84000015258789,24.794918060302734
06-10-2021,24.549999237060547,24.799999237060547,16600,25.030000686645508,24.690000534057617,24.645191192626953
07-10-2021,24.489999771118164,24.979999542236328,18100,24.979999542236328,24.530000686645508,24.48548126220703
08-10-2021,24.450000762939453,24.450000762939453,6200,24.93000030517578,24.809999465942383,24.764972686767578
11-10-2021,24.010000228881836,24.600000381469727,13600,24.81999969482422,24.079999923706055,24.036296844482422
12-10-2021,23.93000030517578,24.270000457763672,28100,24.59000015258789,24.510000228881836,24.465517044067383
13-10-2021,24.1299991607666,24.389999389648438,3700,24.389999389648438,24.25,24.20598793029785
14-10-2021,24.440000534057617,24.489999771118164,22400,25.049999237060547,24.6299991607666,24.585298538208008
15-10-2021,24.290000915527344,24.979999542236328,15000,24.979999542236328,24.3799991607666,24.335752487182617
18-10-2021,24.31999969482422,24.3799991607666,6000,24.479999542236328,24.440000534057617,24.395645141601562
19-10-2021,23.969999313354492,24.489999771118164,12000,24.5,24.420000076293945,24.375680923461914
20-10-2021,23.6200008392334,24.329999923706055,8100,24.540000915527344,24.489999771118164,24.445552825927734
21-10-2021,24.1200008392334,24.5,7700,24.799999237060547,24.280000686645508,24.23593521118164
22-10-2021,24.270000457763672,24.709999084472656,5000,24.709999084472656,24.469999313354492,24.425588607788086
25-10-2021,24.450000762939453,24.670000076293945,8400,24.780000686645508,24.780000686645508,24.735027313232422
26-10-2021,24.780000686645508,24.959999084472656,59900,26.739999771118164,25.989999771118164,25.94283103942871
27-10-2021,25.260000228881836,26.0,30300,26.020000457763672,25.5,25.453720092773438
28-10-2021,25.15999984741211,25.75,9200,26.0,25.920000076293945,25.872957229614258
29-10-2021,25.25,25.75,21200,25.75,25.450000762939453,25.403812408447266
01-11-2021,25.25,25.5,70000,26.0,25.8700008392334,25.823049545288086
02-11-2021,25.790000915527344,26.0,29500,26.420000076293945,26.190000534057617,26.142467498779297
03-11-2021,26.15999984741211,26.190000534057617,41300,27.0,26.59000015258789,26.5417423248291
04-11-2021,26.700000762939453,26.850000381469727,19700,27.280000686645508,27.020000457763672,26.970962524414062
05-11-2021,27.459999084472656,27.719999313354492,51100,27.850000381469727,27.600000381469727,27.549909591674805
08-11-2021,26.75,26.75,21300,27.479999542236328,27.389999389648438,27.340290069580078
09-11-2021,26.65999984741211,27.459999084472656,22900,27.600000381469727,27.100000381469727,27.050817489624023
10-11-2021,27.1200008392334,27.1200008392334,18200,27.600000381469727,27.459999084472656,27.4101619720459
11-11-2021,27.0,27.510000228881836,18600,27.600000381469727,27.549999237060547,27.499998092651367
12-11-2021,27.059999465942383,27.600000381469727,34200,28.15999984741211,27.850000381469727,27.850000381469727
15-11-2021,27.479999542236328,27.729999542236328,25300,28.0,27.6299991607666,27.6299991607666
16-11-2021,27.100000381469727,27.709999084472656,32100,27.93000030517578,27.100000381469727,27.100000381469727
17-11-2021,26.25,27.190000534057617,17800,27.190000534057617,27.049999237060547,27.049999237060547
18-11-2021,26.8700008392334,27.149999618530273,16100,27.239999771118164,27.219999313354492,27.219999313354492
19-11-2021,26.920000076293945,26.920000076293945,7300,27.280000686645508,27.0,27.0
22-11-2021,27.229999542236328,27.229999542236328,17100,27.989999771118164,27.510000228881836,27.510000228881836
23-11-2021,27.399999618530273,27.649999618530273,22900,27.950000762939453,27.770000457763672,27.770000457763672
24-11-2021,27.6200008392334,27.959999084472656,13400,28.040000915527344,27.989999771118164,27.989999771118164
26-11-2021,26.40999984741211,27.15999984741211,17800,27.360000610351562,26.5,26.5
29-11-2021,26.475000381469727,27.0,12689,27.0,27.0,27.0
